Nomor Pengirim,Nomor Tujuan,Waktu Request,Status
62812345678,62898765432,2024-01-15 10:30:00,pending
62812345679,62898765433,2024-01-15 10:35:00,pending
62812345680,62898765434,2024-01-15 10:40:00,pending
62812345681,62898765435,2024-01-15 10:45:00,pending
62812345682,62898765436,2024-01-15 10:50:00,pending
62812345683,62898765437,2024-01-15 10:55:00,pending
62812345684,62898765438,2024-01-15 11:00:00,pending
62812345685,62898765439,2024-01-15 11:05:00,pending
62812345686,62898765440,2024-01-15 11:10:00,pending
62812345687,62898765441,2024-01-15 11:15:00,pending
